"1";"Alfa  Romeo";"2017-04-28 21:35:36";"2017-04-28 21:35:36";NULL
"2";"Audi";"2017-04-28 21:35:36";"2017-04-28 21:35:36";NULL
"3";"BMW";"2017-04-28 21:35:36";"2017-04-28 21:35:36";NULL
"4";"Brillance";"2017-04-28 21:35:36";"2017-04-28 21:35:36";NULL
"5";"BYD";"2017-04-28 21:35:36";"2017-04-28 21:35:36";NULL
"6";"Changan";"2017-04-28 21:35:36";"2017-04-28 21:35:36";NULL
"7";"Chery";"2017-04-28 21:35:36";"2017-04-28 21:35:36";NULL
"8";"Chevrolet";"2017-04-28 21:35:36";"2017-04-28 21:35:36";NULL
"9";"Chrysler";"2017-04-28 21:35:36";"2017-04-28 21:35:36";NULL
"10";"Citroen";"2017-04-28 21:35:36";"2017-04-28 21:35:36";NULL
"11";"Daewoo";"2017-04-28 21:35:36";"2017-04-28 21:35:36";NULL
"12";"Daihatsu";"2017-04-28 21:35:36";"2017-04-28 21:35:36";NULL
"13";"Dodge";"2017-04-28 21:35:36";"2017-04-28 21:35:36";NULL
"14";"Dongfeng";"2017-04-28 21:35:36";"2017-04-28 21:35:36";NULL
"15";"Faw";"2017-04-28 21:35:36";"2017-04-28 21:35:36";NULL
"16";"Fiat";"2017-04-28 21:35:36";"2017-04-28 21:35:36";NULL
"17";"Ford";"2017-04-28 21:35:36";"2017-04-28 21:35:36";NULL
"18";"Foton";"2017-04-28 21:35:36";"2017-04-28 21:35:36";NULL
"19";"Geely";"2017-04-28 21:35:36";"2017-04-28 21:35:36";NULL
"20";"Great Wall";"2017-04-28 21:35:36";"2017-04-28 21:35:36";NULL
"21";"Hafei";"2017-04-28 21:35:36";"2017-04-28 21:35:36";NULL
"22";"Haima";"2017-04-28 21:35:36";"2017-04-28 21:35:36";NULL
"23";"Honda";"2017-04-28 21:35:36";"2017-04-28 21:35:36";NULL
"24";"Hummer";"2017-04-28 21:35:36";"2017-04-28 21:35:36";NULL
"25";"Hyundai";"2017-04-28 21:35:36";"2017-04-28 21:35:36";NULL
"26";"JAC";"2017-04-28 21:35:36";"2017-04-28 21:35:36";NULL
"27";"Jeep";"2017-04-28 21:35:36";"2017-04-28 21:35:36";NULL
"28";"JMC";"2017-04-28 21:35:36";"2017-04-28 21:35:36";NULL
"29";"Kia";"2017-04-28 21:35:36";"2017-04-28 21:35:36";NULL
"30";"Lada";"2017-04-28 21:35:36";"2017-04-28 21:35:36";NULL
"31";"Land Rover";"2017-04-28 21:35:36";"2017-04-28 21:35:36";NULL
"32";"Lexus";"2017-04-28 21:35:36";"2017-04-28 21:35:36";NULL
"33";"Lifan";"2017-04-28 21:35:36";"2017-04-28 21:35:36";NULL
"34";"Mahindra";"2017-04-28 21:35:36";"2017-04-28 21:35:36";NULL
"35";"Mazda";"2017-04-28 21:35:36";"2017-04-28 21:35:36";NULL
"36";"Mercedes-Benz";"2017-04-28 21:35:36";"2017-04-28 21:35:36";NULL
"37";"MG";"2017-04-28 21:35:36";"2017-04-28 21:35:36";NULL
"38";"Mini";"2017-04-28 21:35:36";"2017-04-28 21:35:36";NULL
"39";"Mitsubishi";"2017-04-28 21:35:36";"2017-04-28 21:35:36";NULL
"40";"Nissan";"2017-04-28 21:35:36";"2017-04-28 21:35:36";NULL
"41";"Peugeot";"2017-04-28 21:35:36";"2017-04-28 21:35:36";NULL
"42";"Porsche";"2017-04-28 21:35:36";"2017-04-28 21:35:36";NULL
"43";"RAM";"2017-04-28 21:35:36";"2017-04-28 21:35:36";NULL
"44";"Renault";"2017-04-28 21:35:36";"2017-04-28 21:35:36";NULL
"45";"Rover";"2017-04-28 21:35:36";"2017-04-28 21:35:36";NULL
"46";"Seat";"2017-04-28 21:35:36";"2017-04-28 21:35:36";NULL
"47";"Skoda";"2017-04-28 21:35:36";"2017-04-28 21:35:36";NULL
"48";"SMA";"2017-04-28 21:35:36";"2017-04-28 21:35:36";NULL
"49";"Ssang Yong";"2017-04-28 21:35:36";"2017-04-28 21:35:36";NULL
"50";"Subaru";"2017-04-28 21:35:36";"2017-04-28 21:35:36";NULL
"51";"Suzuki";"2017-04-28 21:35:36";"2017-04-28 21:35:36";NULL
"52";"Toyota";"2017-04-28 21:35:36";"2017-04-28 21:35:36";NULL
"53";"Volkswagen";"2017-04-28 21:35:36";"2017-04-28 21:35:36";NULL
"54";"Volvo";"2017-04-28 21:35:36";"2017-04-28 21:35:36";NULL
"55";"ZNA";"2017-04-28 21:35:36";"2017-04-28 21:35:36";NULL
"56";"Zotye";"2017-04-28 21:35:36";"2017-04-28 21:35:36";NULL
"57";"ZXAuto";"2017-04-28 21:35:36";"2017-04-28 21:35:36";NULL